filename,station,res_tier,part,bytes,sha256
half_res_trees_Scan_1022_0.lsp,1022,half,0,36211437,40671fa5eef2f2c2afa8d240607effdd29114a9e70a572e41d8b727d6aa041ad
half_res_trees_Scan_1022_1.lsp,1022,half,1,28286960,060991327de4cc00058c3eea446d0a72826403a0f400afea7ccd32e1563334bd
half_res_trees_Scan_1022_2.lsp,1022,half,2,36674070,90c8e86e69c1757be977a7734078d415df7969bb366f829c245c64ed39a38709
half_res_trees_Scan_1022_3.lsp,1022,half,3,18991537,55702898d42f4df0f9ef76c2d66c80c4917bb1a9d250f3e5894266399c1ccc3b
half_res_trees_Scan_1023_0.lsp,1023,half,0,36211437,ce9f8cec6413b1cb5ffd4b76670125cf6c7b947d30dd6f2d19c689fe8bb542ec
half_res_trees_Scan_1023_1.lsp,1023,half,1,28286960,4b957d56ac6be35cc3c5fb390564ffaae236e85e00d7f21a6b0c5e979f497971
half_res_trees_Scan_1023_2.lsp,1023,half,2,36674070,ed7d73cbddbc611489206fc47d05279ef92af37affcce8b5ddc9b2b77ac5ace5
half_res_trees_Scan_1023_3.lsp,1023,half,3,18991537,ae12a8bd4d7a99ca3fbf6910a83bd3947f2c73ae226338df6c711b3103f177c8
half_res_trees_Scan_1024_0.lsp,1024,half,0,37000584,5ce25496a51dbec51076527063992ad6bb26689b95c22dda33831955094ad5aa
half_res_trees_Scan_1024_1.lsp,1024,half,1,27126280,7207f317ca958c85390c2d275a1302f7d513f72b1ac7ae9effc27f21c129f824
half_res_trees_Scan_1024_2.lsp,1024,half,2,37069827,6230dbdad85df8c59d6b887b01e5e497e426971ee72cb438c26163bf6d1e5488
half_res_trees_Scan_1024_3.lsp,1024,half,3,19486127,cf1f00ef30581646bf9c586994aafa6be68be386e6b3b3786b70cffd4772056b
half_res_trees_Scan_1025_0.lsp,1025,half,0,37361979,fe5e4b71020128bfd9658f3606b44d40c113ec08bc76128844f7c1825c880d42
half_res_trees_Scan_1025_1.lsp,1025,half,1,24775042,3ff83c97c001cc544926c22d6d65d019e974f15c342360d46f576cb13400b1c5
half_res_trees_Scan_1025_2.lsp,1025,half,2,36725420,56a19bfed6dab7616c16fdc785e0eb6ab0c4fd61f8a6357bc3d5b0093ecf7fc9
half_res_trees_Scan_1025_3.lsp,1025,half,3,20228872,a55558cb63bbbd975fe63cc3feda38f6cb41e1364bd0ca7ece475ac18148f8b1
half_res_trees_Scan_1026_0.lsp,1026,half,0,36991412,e768aa40a4cfb9f071dc7663e22bb6b3140f4581f0b62a38cb0fd167ccf6698b
half_res_trees_Scan_1026_1.lsp,1026,half,1,20541802,99afd8fbafe199d4424addd5b37b4290bc0219d39bc94440e3faafbeb23b0d4e
half_res_trees_Scan_1026_2.lsp,1026,half,2,36418772,694baa8722511a02851130f646b40ee8ff572140bd121542bb64c5966c2d8ed0
half_res_trees_Scan_1026_3.lsp,1026,half,3,20015657,3995874ebfbd44de9a85f1aebc579bf9b566efe33f1de54b81ee5d561a53e3c7
half_res_trees_Scan_1027_0.lsp,1027,half,0,35305299,b926f9c16b5e7f64d28f0f8683e3e3405e5da57d6286c216e64c1c897b8ad158
half_res_trees_Scan_1027_1.lsp,1027,half,1,19414991,4c4738560abf4a7e46babd3cf7d71c7fd3e45244df2b417fc06b6354ac7bc6c3
half_res_trees_Scan_1027_2.lsp,1027,half,2,35665111,eea3e5086c5566d8b508702d624c8debc22e45e316298647c1df9a5475eef669
half_res_trees_Scan_1027_3.lsp,1027,half,3,20764264,983d1f7f02e2f4ec355f7766b327952e2193f3884829ed254be63bf92fa8caab
half_res_trees_Scan_1028_0.lsp,1028,half,0,34559698,af19d89a88c7ea41549be217f2eaac24591eb81aec3c1fd3144ddbecaf2608a5
half_res_trees_Scan_1028_1.lsp,1028,half,1,18231119,98b4df036a92538db36ebb9d1faafece0460660d5c49697ea225a0f9071b71fd
half_res_trees_Scan_1028_2.lsp,1028,half,2,33444352,cd106fc8f21545b9f6c9b9ffd2572135ddc251bdb4cdbeea17b84ce2f0e6c746
half_res_trees_Scan_1028_3.lsp,1028,half,3,21224824,8ffdfc00169cace7b0124b57596e64d96415724a81b1a08438ef9e98e1eca567
half_res_trees_Scan_1029_0.lsp,1029,half,0,33994014,db360790e09ea3a990fc5ca779ad32769556ffdf43fbabc45674570e0879bb9f
half_res_trees_Scan_1029_1.lsp,1029,half,1,16356012,f5d1e17770eb56aef66a6bd21f064d19e9e7c82001b3254aeb5223a4601cff25
half_res_trees_Scan_1029_2.lsp,1029,half,2,31137989,ca9846723ffae4070562b66adaabf7abab73a66264970c6609765c08813e95ac
half_res_trees_Scan_1029_3.lsp,1029,half,3,18090758,fb5045f1f06776ca868db1dda147e37d14d9219118ff22cee92cb9124abc0b72
quarter_res_trees_Scan_060_0.lsp,060,quarter,0,35603962,8e3f0719b43ae4dc8d8c811650fdda873c6ed589fbf6e66eab6d566181f76ac5
quarter_res_trees_Scan_060_1.lsp,060,quarter,1,33235569,a35d55e105bab0044a592a46e37397288b578a617c60416563c549e9d5cf6fb5
quarter_res_trees_Scan_060_2.lsp,060,quarter,2,37313455,fbb79e8c808cab34d29d7c79ad29ec3c5953f070b73e62bb5e37671a3fc13326
quarter_res_trees_Scan_060_3.lsp,060,quarter,3,32706503,0b9f8d71337d2afa6f43c6a80f3f7f15b6611f90ed9ee78145dd86cf0045e74a
quarter_res_trees_Scan_060_4.lsp,060,quarter,4,415052,3d4da23a8b23997e46b7fdb9c5e5d4c11db490af09075f5e80c938ed98fe04d9
quarter_res_trees_Scan_060_5.lsp,060,quarter,5,56308586,31f972ab283d4b24d14e606c7cf48c0e7f33f4b34ac11655c251bdcef8a27b6c
quarter_res_trees_Scan_061_0.lsp,061,quarter,0,33725673,cdf465c9c6cae1db4eb07afdfd17221bee300ec1f7e70477e06227193173703d
quarter_res_trees_Scan_061_1.lsp,061,quarter,1,32318510,aaf87b28c07a94b172fc6edae1550a1cfc0c1d9b1e84695abda419243a01bc85
quarter_res_trees_Scan_061_2.lsp,061,quarter,2,37885194,bb21ba4518cd33fb06c1b7656cd4dd1ba2608a6ead3025c1c6003204002904bf
quarter_res_trees_Scan_061_3.lsp,061,quarter,3,33369215,c505732f7bc40644cc695cbe219490059b88941f866450436c6d8ca0d2337d6a
quarter_res_trees_Scan_061_4.lsp,061,quarter,4,1539713,0154fbd949786f355f9479e921f9a3e78045cf67c59ec3ec15da64d276eb0ddb
quarter_res_trees_Scan_061_5.lsp,061,quarter,5,53985186,8d6971f40846648233e93de45a4a85c2ef549af0b62a5b7eb61dd0791e517ecf
quarter_res_trees_Scan_062_0.lsp,062,quarter,0,34085789,26b57e227b8cb4118e00a060e0285171e8e3e09aa22b920d2616b97b81a5d8bb
quarter_res_trees_Scan_062_1.lsp,062,quarter,1,37571679,419e0b8aca908c4c6bb0aa0a26448babe20d605706aca623c4a4163add9e0e0a
quarter_res_trees_Scan_062_2.lsp,062,quarter,2,38543095,3475fb94c5ce91ba33aa40d5cb4105413e2890f77f8d9ba198296d6be0d8d9ce
quarter_res_trees_Scan_062_3.lsp,062,quarter,3,40145372,128573f9ffdd6c7bde204d637b2d4078fc2809ee4dd44ac2c2234326ab4b6651
quarter_res_trees_Scan_062_4.lsp,062,quarter,4,12183132,b87a0a5d1ec78843002701d5ff4e52fb3480b19d34d8e562934445fde9c34aca
quarter_res_trees_Scan_062_5.lsp,062,quarter,5,55889697,c692fef45c4356f376f54a3f46ce2bd7cf207b28111ac6e1d08c85ee04847b1c
quarter_res_trees_Scan_063_0.lsp,063,quarter,0,37951015,65dc02526d870237a4f8f15bafe0b7e2a213801d7478aa15112e003b5cd137dd
quarter_res_trees_Scan_063_1.lsp,063,quarter,1,39895528,35c501b79f3d030e54ad4a47b3ac518de00d1b945ffca51073a87978908cc74c
quarter_res_trees_Scan_063_2.lsp,063,quarter,2,25944450,b92990c6f8df461aae4964a0f39e5d02865cb8c74fc9ea03eab1d76612942407
quarter_res_trees_Scan_063_3.lsp,063,quarter,3,41520140,fb41c480b281b3cc58116a578e0f387438edb9a32719eb60f6f15dfc9c8e2dc5
quarter_res_trees_Scan_063_4.lsp,063,quarter,4,19139143,283ef6d6ed6d839aa3be05e9fd2a722680f2aad8b029b84af478a6f2cdf7466f
quarter_res_trees_Scan_063_5.lsp,063,quarter,5,55713698,730c66f5de9a30e9214db8fd8e9e7cdbf6e7d331e5fee3fecdcd5b0b7425425c
quarter_res_trees_Scan_073_0.lsp,073,quarter,0,34348141,cccd41f7ac7127f40071bc96d8ed52ca22ff6a264b2c493691c4378dabc2dd53
quarter_res_trees_Scan_073_1.lsp,073,quarter,1,38718097,e326d8dcb7f963b3b7554511490b37c44dfd859c452b4c36e3a2f592b27b6291
quarter_res_trees_Scan_073_2.lsp,073,quarter,2,40457020,72abbb0aea37e6c97ed3f8374c1583184213abec239d3d665af6c825d3afaf1a
quarter_res_trees_Scan_073_3.lsp,073,quarter,3,35972784,88150e5fa43e494e50032f5c7393f35f7c14e4f8689f816b08fce88421470012
quarter_res_trees_Scan_073_5.lsp,073,quarter,5,56364684,acf4486e99c79c6b4347f92743adfad27d41739518fff9710831f33487005f5b
quarter_res_trees_Scan_074_0.lsp,074,quarter,0,33821133,95a091e43bdb7e8109f48ceeca34be13cd04e7367c09e077f4420c5f696bdaf4
quarter_res_trees_Scan_074_1.lsp,074,quarter,1,38262672,dcc03917acf81bfe3e8e0aa07ce2f1bb6423429a2ff653f926070b4a45b41aff
quarter_res_trees_Scan_074_2.lsp,074,quarter,2,43127136,b0ccc134baefe5723c91fa20bc2d4edd4d63b6af80324f606665775f60fb7391
quarter_res_trees_Scan_074_3.lsp,074,quarter,3,38293487,0c0a6ede6c385eef702c0efd9a32d75fe623a59c579e3c7cb9c53872d96cec50
quarter_res_trees_Scan_074_4.lsp,074,quarter,4,4720859,afcc23b0300a1085648864a67a2b43888547aa385d70923c5736e17ac3704ad5
quarter_res_trees_Scan_074_5.lsp,074,quarter,5,56090715,9e0075ecb81fb1c09ab50b4f36347879707599d7b92c42a6ce7da7f117a2053b
quarter_res_trees_Scan_075_0.lsp,075,quarter,0,34193300,13cf8741c321d822a3407632ebfcad2526469e0b378f65f82ae61dded7b4dbe0
quarter_res_trees_Scan_075_1.lsp,075,quarter,1,36450553,76c5969ab026a8cd0d5d634cc5e5ad93ef070f54daa201c56e240d52244df3cd
quarter_res_trees_Scan_075_2.lsp,075,quarter,2,43003864,31f6c81abf2503813c5f94127cb6e44f9d996d1d2475d5d717da09573f3597a1
quarter_res_trees_Scan_075_3.lsp,075,quarter,3,35848696,e037be57057bae369fd4b7bb85d4ac08bd9b3106134258b70b1a1ee0a6957d8f
quarter_res_trees_Scan_075_4.lsp,075,quarter,4,5294193,846dda57b936c1f9b2633a31d17cba6010c828f2c594e32831f6d226b633883d
quarter_res_trees_Scan_075_5.lsp,075,quarter,5,55973275,e6ff39c6a6855257d22295a11888229273bebf280a4eba3e5eebe9eed894e66a
quarter_res_trees_Scan_076_0.lsp,076,quarter,0,34506399,124dab8ffacc02d6e77868cec58b3376fc5ff7bfaf401127698c86f7f5d2b456
quarter_res_trees_Scan_076_1.lsp,076,quarter,1,36860844,11c9ea70232610fec3d1c45f455d95b3708d654d374d7848dae1e563dcb47b81
quarter_res_trees_Scan_076_2.lsp,076,quarter,2,44261467,a996a61236c4a9339371948a2291112242027d76135ebae82ad8d0268bdfb3fc
quarter_res_trees_Scan_076_3.lsp,076,quarter,3,36010673,92c962c66c6c26c53acc833f2af5e800ecce84a0c33aacc05587b2e85c9f80ef
quarter_res_trees_Scan_076_4.lsp,076,quarter,4,5633618,3ec5b21c285729234fb63fc19c6a803822dd24e43cdd6e1421ea623c26515665
quarter_res_trees_Scan_076_5.lsp,076,quarter,5,56351098,637a78eef44c69237c06835f0910bbfd771eeb8a66c3f0aa9873e2ee83a9a991
quarter_res_trees_Scan_077_0.lsp,077,quarter,0,34137494,fde33c1f2161e1dac570408f39ab68cf9b5d30d8ae2ce479fb82f8ffd9e39492
quarter_res_trees_Scan_077_1.lsp,077,quarter,1,37501904,00369d1e0e8c87b8fb566daea3183dd9f4cfafe5eaa2f80aa7fd7a590f9c6a0f
quarter_res_trees_Scan_077_2.lsp,077,quarter,2,44203378,fecf30b8aac77bcf87d302483849e1d9236100c53ec787fbcddd1deae34f1c0f
quarter_res_trees_Scan_077_3.lsp,077,quarter,3,35746552,1201a5c4c61184ead201dcf95da7b3fdd15db5abec17c15c378239f67659ab21
quarter_res_trees_Scan_077_4.lsp,077,quarter,4,2484623,73add87a9d94ea2f9d67cf40242ea881bae978956024976681acf203f5418a4f
quarter_res_trees_Scan_077_5.lsp,077,quarter,5,55920240,a19f53d897ce74e574fd7d13c613a94417f6de2a4b59467dd0ffb9f29a23e2a5
quarter_res_trees_Scan_078_0.lsp,078,quarter,0,34208308,8b862b07f82755fa3fab4a4f3c8b1a1252d25e9f6987c03d2dd379c1a8890c94
quarter_res_trees_Scan_078_1.lsp,078,quarter,1,36515566,8c259daa0429091711ac32371fa19f8d158be6196e835df0432cdb92d3942628
quarter_res_trees_Scan_078_2.lsp,078,quarter,2,42561267,22477f044c339002d9fa80055bd4536aaf46ee5dd4a216d69d43fe76cfb3e4f9
quarter_res_trees_Scan_078_3.lsp,078,quarter,3,35178489,089661789a152503412a9841caa92c8c816ecc753080fb994a1c532d3067f55c
quarter_res_trees_Scan_078_4.lsp,078,quarter,4,1889895,f1731d7f954f47999ec23410e5e5ce02c3962cdcef70f6fc7788fc00d2b9b396
quarter_res_trees_Scan_078_5.lsp,078,quarter,5,56495010,6c9cbc0229f0d1b686239da3f84a4a47cf59f4c6a97a1f2a647048bc36bf9c30
quarter_res_trees_Scan_079_0.lsp,079,quarter,0,31941157,2447f6e94e7cdd0556a00874d0d54b952bf277fd19b6ac22590f2d708199c530
quarter_res_trees_Scan_079_1.lsp,079,quarter,1,34662576,e1ec055b8c6623f83c612d5dec898ffcf66f63b999bcde61f486ac45b091b1d5
quarter_res_trees_Scan_079_2.lsp,079,quarter,2,38829298,a23df30bc2c68dee72892996a1c8b1f6ee209f099cb55989d59dda8713aadf61
quarter_res_trees_Scan_079_3.lsp,079,quarter,3,31465800,b4097ada342e2ccb71af02d7954b4198810ec778bdfb03d3b71d74f6fa13990b
quarter_res_trees_Scan_079_4.lsp,079,quarter,4,2971653,15699c530355530e37ecd11cfbd3e83f1db4d0216424b314eaa9b6363044355a
quarter_res_trees_Scan_079_5.lsp,079,quarter,5,50064371,7fffa204280280f6d3c3290f506fa622a6eb1eae9967d958412b5762bbb97b57
quarter_res_trees_Scan_080_0.lsp,080,quarter,0,30107469,3163db6e69e6b774d16313ff7ab195f9ca6cbde081a5e8fd848fa19ac0d0c6bf
quarter_res_trees_Scan_080_1.lsp,080,quarter,1,35864519,3656271a31190cb244467df64bd1bb79d8f0d2ec3d0257a630606e8e173b845c
quarter_res_trees_Scan_080_2.lsp,080,quarter,2,37625136,e9c1e1655d3a3c563edd19c702a68badf33194316d360c273fb524accbf42fa3
quarter_res_trees_Scan_080_3.lsp,080,quarter,3,34343520,2ec55b0723fae8cdca8f8c404eae83c5cb15209ea70948168c387516e0ddf67e
quarter_res_trees_Scan_080_4.lsp,080,quarter,4,10000136,61cfaf8c158110de480f6373d7429d1ffa20fd9aaf2f73c29c0b3f4a6aee8229
quarter_res_trees_Scan_080_5.lsp,080,quarter,5,52649146,743bc53459e2f6514072780415c620765dd35c597cff5d60bf70b2b61266743c
quarter_res_trees_Scan_081_0.lsp,081,quarter,0,34821264,3314e3ecae61a324bc1082c9d177f2888492521285bc10bac0198cd61ab9ae2a
quarter_res_trees_Scan_081_1.lsp,081,quarter,1,43147768,3208d3816d44e08b56aa09008b4f77b9029557f1cea37805c149531fc629c64f
quarter_res_trees_Scan_081_2.lsp,081,quarter,2,37421984,07b0300e9960c3b037d54140badff48b6b8c9182a46d371cd8988e48003b0301
quarter_res_trees_Scan_081_3.lsp,081,quarter,3,38602653,449583ec5ab89c56d817ba83946c53b25a55d90e718f42275d5b31a05e71f7c3
quarter_res_trees_Scan_081_4.lsp,081,quarter,4,31662495,a71e0c02f1a30ddd859abf64dbe2e565c3ee1bd92cf0b43e80071bad1b24902a
quarter_res_trees_Scan_081_5.lsp,081,quarter,5,56034442,0c5ca39e0eb4000479212aa4ce8d0eb43e134d67d8461db1faaaf5a07f091d29
quarter_res_trees_Scan_082_0.lsp,082,quarter,0,41649549,10869826730e29763e346cee6e7cf05435f74efa59ac30d5e4f76cdcda9f8d8a
quarter_res_trees_Scan_082_1.lsp,082,quarter,1,44430550,07925118c17a6a507a9e1ba6336a29db26e711520e501951259c5b82a82642e3
quarter_res_trees_Scan_082_2.lsp,082,quarter,2,40336748,c209a09357b9d63bd31e41992542f139929f4013e8f524151f5c1ec8562f83aa
quarter_res_trees_Scan_082_3.lsp,082,quarter,3,41793070,06c3ee305025e4551a4edf7b51374c0cdbde1ef21bac5eeb533a1b83ed9e8086
quarter_res_trees_Scan_082_4.lsp,082,quarter,4,65066662,98adae3c5aa6eafb629aafc3ed78b933b801d340943e443d81f8e69abedf32c8
quarter_res_trees_Scan_082_5.lsp,082,quarter,5,55072168,032672eda34f6b120493700f9f6ece208c12b7bd7e8873ed53b5ed0162e28b33
quarter_res_trees_Scan_084_0.lsp,084,quarter,0,48166032,b679389cd6b9abffcf1685c77f32c1e38349258d8cb7b561d0540fe389af8189
quarter_res_trees_Scan_084_1.lsp,084,quarter,1,48386230,c9ab064e04b5e2c774bd72e6361b87791e3d49b9843dc3725db22846aa330b9e
quarter_res_trees_Scan_084_2.lsp,084,quarter,2,47903130,94a96866d79c13bef7b2581f0a1e243297638ede4607385bd014611270c047b6
quarter_res_trees_Scan_084_3.lsp,084,quarter,3,47004274,ef13d4206897010895497bb47c681429dd774ece6712ba14eccdc24e9c1c9d7a
quarter_res_trees_Scan_084_4.lsp,084,quarter,4,87412282,f852b2195b6c7e987aa0686e7eda6a77e8d0c1a724e63bdfb85fda6328def353
quarter_res_trees_Scan_084_5.lsp,084,quarter,5,52890762,9c9d06682c94043374091f779e2b46c0117dd3184b18e6c585ff7439938c06f3
quarter_res_trees_Scan_085_0.lsp,085,quarter,0,34379093,27bc184848a3aaefe6b17089a41662128586224d5430755a45cd88c6ee48dea2
quarter_res_trees_Scan_085_1.lsp,085,quarter,1,46454928,7fa91bd4b6e7b2779cabf482259017c09d5ced479058c8f0099980369a44312a
quarter_res_trees_Scan_085_2.lsp,085,quarter,2,51667347,84e0c67789e6ed70c7c15bef9ebc3c2c0c37d2362da8a1a07ad7ac1a39c759ad
quarter_res_trees_Scan_085_3.lsp,085,quarter,3,48002422,30b3eac29d25123ed694bc3aeda9352a3ecbc96cfbf41b114cd91f6c1f973cae
quarter_res_trees_Scan_085_4.lsp,085,quarter,4,76294493,273c1e518b0f1a7cf2172f6e1e16cbc51bc2b099c83f9c2c7b1bb207d06bb0eb
quarter_res_trees_Scan_085_5.lsp,085,quarter,5,55891240,2a7201068612d8d0be7bd92f94214846c5d71cfb2266cade4e9090fd46edd7bf
quarter_res_trees_Scan_1000_0.lsp,1000,quarter,0,49700771,b8adc387de9362e44265b106009b866223c34b201f7e21c836bddf62aef24ade
quarter_res_trees_Scan_1000_1.lsp,1000,quarter,1,47856311,8ff7f9e003b25c6b4da11f4595d2a9140a8334284f8f15801d0340304d873eec
quarter_res_trees_Scan_1000_2.lsp,1000,quarter,2,40084879,5ac2cb8bab3d50863f7aecc721fa99af59a422d16d382b27246d4bca15389b61
quarter_res_trees_Scan_1000_3.lsp,1000,quarter,3,49980676,b01b012702c462b440253c735cf5521033180fed222be8571ef9418167ed9ee6
quarter_res_trees_Scan_1000_4.lsp,1000,quarter,4,81933297,8bf596b6d719a0fae4edd1049d4f58d2cd895533478cd46838c57198f870fd0f
quarter_res_trees_Scan_1000_5.lsp,1000,quarter,5,55558685,50be5e8a2f6848a96804a5600ebe666f8ee0be35b2e07fb5b16b920e311144cd
quarter_res_trees_Scan_1001_0.lsp,1001,quarter,0,38759552,3c88fbe0fe119149908dd057d8c8f3db10e4ec5950d0db7ca8c0794d79db7ee4
quarter_res_trees_Scan_1001_1.lsp,1001,quarter,1,38261575,18687e093372a439ebc67a103d00e80a202e3edf4624ad64ded45f9cd2609931
quarter_res_trees_Scan_1001_2.lsp,1001,quarter,2,45058676,8a3a6d9d881440ca4e4da85d5908d6b2d580998092cb124f17a2c44e4486041c
quarter_res_trees_Scan_1001_3.lsp,1001,quarter,3,44747647,d71fdd607815cbcde51362d2747f029c10e5c3216039f19d4eec71e8e1827f4e
quarter_res_trees_Scan_1001_4.lsp,1001,quarter,4,26854020,38cf36fd531b2b2e561f83c9611e9dcbef66f95349b397d876e56c01537bcf13
quarter_res_trees_Scan_1001_5.lsp,1001,quarter,5,55070309,7e09698b9e286d4b978b82c9b6acd56e9829f83aa2c78d11f5e9d7fa56162482
quarter_res_trees_Scan_1002_0.lsp,1002,quarter,0,41761330,9e931e2bcbed75eecbdbbc65ea2d7c48dbedd036ae4f199703cdff0d93a0690b
quarter_res_trees_Scan_1002_1.lsp,1002,quarter,1,40931661,00fc297fdbbd5ea189261c0054873511c0009abd5b8b4ca31ec77219361d73ec
quarter_res_trees_Scan_1002_2.lsp,1002,quarter,2,45765697,3b2596ade6e35c4aad1d02f6513df67cb22fa38219a11fbe6234eb7973d67f0f
quarter_res_trees_Scan_1002_3.lsp,1002,quarter,3,37038151,852d53ca11fde287fa89965fc82390a59e0a83ead8ddd492d7f701aa36c0b108
quarter_res_trees_Scan_1002_4.lsp,1002,quarter,4,6230037,3cb156ce71f69d5a8c35b9f69ede97d115780a13a0dad218f0f565618bd1bff2
quarter_res_trees_Scan_1002_5.lsp,1002,quarter,5,56734665,23500a909dbc4d5b4ceccb3911983e35b9fb0018d650126ed19dddebed0f2c8c
quarter_res_trees_Scan_1003_0.lsp,1003,quarter,0,31679962,965a9430fa19f4a39c15b8c9848a086f690962438c131c9b66581c955746ea86
quarter_res_trees_Scan_1003_1.lsp,1003,quarter,1,42363354,80785437afc5399e9a13055d3bab11778702ed8d712d4a9bcaa539ba932086f1
quarter_res_trees_Scan_1003_2.lsp,1003,quarter,2,38282194,c81c047771b0bb5a75120887dac8a4062222923745e049ee1945a42a2a4f9ce0
quarter_res_trees_Scan_1003_3.lsp,1003,quarter,3,28306130,0ccd99cbf2b1b3fd458f76bf7a1e2580916e985792dc06592fb1d65096b8c8d1
quarter_res_trees_Scan_1003_4.lsp,1003,quarter,4,6993089,b407c87d1ce4833810932f71f329aabc6909e511a071c796ae956bd43035fc43
quarter_res_trees_Scan_1003_5.lsp,1003,quarter,5,44439265,5f49a2fe594a228efbc14cd6fcce13fa8cf0a9cc439d1b803ec3699db1bc71e3
quarter_res_trees_Scan_1004_0.lsp,1004,quarter,0,35590098,318248a9e83e0aeea9a30e385dfcef429df8035f63293941b62a45c8e306a966
quarter_res_trees_Scan_1004_1.lsp,1004,quarter,1,37779555,9f53e0f06b290ed669abaa0fb24f8bbe38d43ce13afc13f11cc47fd45fab066e
quarter_res_trees_Scan_1004_2.lsp,1004,quarter,2,38026705,8c1fc2730b6fa8e2bef363bee68a58a53734405f13a3cdae7ea08ec1e6646812
quarter_res_trees_Scan_1004_3.lsp,1004,quarter,3,30158490,84beb52ea5709b6856b5244f3189c9709ec5bb7149458e9c682a6b8a37fdcab8
quarter_res_trees_Scan_1004_4.lsp,1004,quarter,4,1298481,8a22798500826c933445bb42dc1764acef75234474eb8d75ac203ab7a65ad651
quarter_res_trees_Scan_1004_5.lsp,1004,quarter,5,51231856,d99a07686de41a1d91afa5c35702498e58b9d604953fe5428980ba103193aa96
quarter_res_trees_Scan_1005_0.lsp,1005,quarter,0,37594398,cb99997c9589cf9521514414feeb01b13a59c103dbed112fd9e3537e0b259100
quarter_res_trees_Scan_1005_1.lsp,1005,quarter,1,39518256,d3f4cbecd121b7a65c10050096e4734181c52f327ad935f1b740281da32c2bae
quarter_res_trees_Scan_1005_2.lsp,1005,quarter,2,37097335,e011e0a101631f61c5c4230002d34bbc2f86f8252f0bffc988404dbbefcedc43
quarter_res_trees_Scan_1005_3.lsp,1005,quarter,3,30714662,1e6c72f295e277d2db4cfcd597dbdb07287421a79debb227310e110dfe4eea4a
quarter_res_trees_Scan_1005_4.lsp,1005,quarter,4,513496,543ab217f68cfa73c5c63740e40b9424df5ffe0d18cbabb6b777a3bd842f1440
quarter_res_trees_Scan_1005_5.lsp,1005,quarter,5,51732553,487db95b93b37c36e4bfb7c30c8c1e48611cda497f2eab30f92ac5acb8cd2061
quarter_res_trees_Scan_1009_0.lsp,1009,quarter,0,42346169,4f67dc3761bd0ab8b08e75e11ba252a964059479c7f5373792e2a69256cd8074
quarter_res_trees_Scan_1009_1.lsp,1009,quarter,1,34632186,fc460e38e3f0c5f3ce390a6843cb0e13dcda0ddc3509108bab90ebad2e45f52c
quarter_res_trees_Scan_1009_2.lsp,1009,quarter,2,43580369,317d8166d3d14f86763c90e2aa33ee0c6e6d840bddc88e3ed3f1cc9456411531
quarter_res_trees_Scan_1009_3.lsp,1009,quarter,3,42001614,4066f58df981662cb98dbfcfa7a285d30bd7177c86d73e96f3eeb04e2d8a365b
quarter_res_trees_Scan_1009_4.lsp,1009,quarter,4,55351168,f0b91df99ed00d5ed5f44f4a3583bcd73594af94703017ce0ac1c509bc32036d
quarter_res_trees_Scan_1009_5.lsp,1009,quarter,5,52570191,6fe3fbd8b3bb75db9d3e2c57c79e5b87610d0517417ea2a6a4c42c9b38a4152b
quarter_res_trees_Scan_1010_0.lsp,1010,quarter,0,43924741,149214b511277583a913dc15c773c20f6182be531282a2577edc97fd347a5735
quarter_res_trees_Scan_1010_1.lsp,1010,quarter,1,37172561,15e20e9a69258b54eed66f1edc11103ab29f0611675f874922aa42b912f62d9c
quarter_res_trees_Scan_1010_2.lsp,1010,quarter,2,46234346,2f66899bc45666f7ee46465e47b9646485a342c690cb6549d08b7fdd5ed9211b
quarter_res_trees_Scan_1010_3.lsp,1010,quarter,3,44224458,acf5ca6a99ec4287b572787e6df00c626fcbba208ecb29c9284b32a2bff5c0d7
quarter_res_trees_Scan_1010_4.lsp,1010,quarter,4,57673092,fa856606775c666b4bb2071927f640aab5da758e203567209628fdb6f323083a
quarter_res_trees_Scan_1010_5.lsp,1010,quarter,5,53563120,f0acba8ef1a1af35b2b8ab6d42e7564bc9705690e7e2cf1db98ffd8d4df278c1
quarter_res_trees_Scan_1011_0.lsp,1011,quarter,0,44020733,205595ede9861ac984d9ef7423c57f3e697f82e5f8d969d9a0d0900e918de68f
quarter_res_trees_Scan_1011_1.lsp,1011,quarter,1,38883854,f75855d2c538401fae65af53ea3ca6e1d66dd99ef33a6d42435bebaf1d71f49c
quarter_res_trees_Scan_1011_2.lsp,1011,quarter,2,45188806,cf5a9e0eeb7e3daa810bc4f23c7d65b50eec72f6b33394fbb355ccec70e25586
quarter_res_trees_Scan_1011_3.lsp,1011,quarter,3,45209962,8a16796c1f84380150d41e28402e9d954d30f0c58ed49d5b09c02e2eecb0b5c7
quarter_res_trees_Scan_1011_4.lsp,1011,quarter,4,57879340,7e73b1850dcb9675986002dd30fa3711a0db5e9af1cb778303b1833a50c828f7
quarter_res_trees_Scan_1011_5.lsp,1011,quarter,5,53777824,a8c3659ab98bc8ae02352bd976d21fe5572560ebe6a0978c7579a7bd4764c1ca
quarter_res_trees_Scan_1012_0.lsp,1012,quarter,0,44047216,96d80f67c45b0ab3f2f9af74cc4c4b2ccf74a01aa72f5a1f84b78e6b9270dd02
quarter_res_trees_Scan_1012_1.lsp,1012,quarter,1,41099458,40caa9393cd2d8e736e015c753931390b7270217cb4ed9aee0e2e3b4d5123fab
quarter_res_trees_Scan_1012_2.lsp,1012,quarter,2,44664999,7ec5a99d1107cb6e39076651aaadf62b03f28f2a39e9c6d300fb86f4b6f1f6b0
quarter_res_trees_Scan_1012_3.lsp,1012,quarter,3,45016837,1ec07cf43120bb2cf2221589f16305576e3242d107c896c19453e5bd4375a880
quarter_res_trees_Scan_1012_4.lsp,1012,quarter,4,68742369,2fcc2e0b2a98e1a6ccff6fff76337b75c72cb6d9f22710f9c77c9478e25644b0
quarter_res_trees_Scan_1012_5.lsp,1012,quarter,5,54501411,3df72c0bc0087ab52efa89c2aa5789b6af993717345e8a95d3ac89da8a9223e6
quarter_res_trees_Scan_1013_0.lsp,1013,quarter,0,43383214,ae458f18bad381192c5037347dc04d4dd91fa8d76ba2bc4bcf5be153b1ddefbc
quarter_res_trees_Scan_1013_1.lsp,1013,quarter,1,40167636,e1dc092edf2289c7ca749d4c2c8da6c967fb5986e5af2e4aea02d07c3e1329af
quarter_res_trees_Scan_1013_2.lsp,1013,quarter,2,43969150,a7485f27020cced98e936fe9994e090869f4fc10e2537488c0bc0f212a6c2734
quarter_res_trees_Scan_1013_3.lsp,1013,quarter,3,44757999,5e68f5995e6bc41659f82ea2215658d375134c89f6b40d7c8856892b40dc46fa
quarter_res_trees_Scan_1013_4.lsp,1013,quarter,4,77418796,d6f0aae0ba941bbd4215515646f23da3ee3674615de9e8c02bec38787d374ecb
quarter_res_trees_Scan_1013_5.lsp,1013,quarter,5,53185782,c0b5999dbbaab7560534a42198f40d55966742aded6f74560dc5e3b1b60015c7
quarter_res_trees_Scan_1014_0.lsp,1014,quarter,0,42540531,218a584b1f51616c631f2cfd6028c6de3f0845f7d127f912c76402e96350c46c
quarter_res_trees_Scan_1014_1.lsp,1014,quarter,1,35920982,b3b1f6d7a9d5e178fc82a5e44c37e1f0f1de73fec8f770a23b3db1ae8044c268
quarter_res_trees_Scan_1014_2.lsp,1014,quarter,2,44221195,a15b649f5a385d908d2660b3ef6598c917efa1464ecc4ad015b28d5b77b80ba1
quarter_res_trees_Scan_1014_3.lsp,1014,quarter,3,46015485,3ce903dcddadce11ce5177046e7b65cc69bad90880b014b6fc213a08fc0e5e97
quarter_res_trees_Scan_1014_4.lsp,1014,quarter,4,73431479,82e632186505610780d543596b91e088f10008c3e5912a552887433eeba9da74
quarter_res_trees_Scan_1014_5.lsp,1014,quarter,5,51450002,c2898fb14312286ac4efe0018ebdb12f7f762dc27f5f5fdb0708c621670db00e
quarter_res_trees_Scan_1015_0.lsp,1015,quarter,0,37989428,4e23e828a919d59cf1aeee285d5e81d3ea4660b3d440f4a7ea1dd16023ad3105
quarter_res_trees_Scan_1015_1.lsp,1015,quarter,1,36833419,9a6506ec18f8b518f73ea725db927c4208e1069375742d7e5663ae47a9f6ac18
quarter_res_trees_Scan_1015_2.lsp,1015,quarter,2,43143199,1dc2f23c2c3ea85652694359ced5fe154c632cad09daa446c699ac94c6c0a3ae
quarter_res_trees_Scan_1015_3.lsp,1015,quarter,3,44643502,f7a7330f414d03f2d23291341106de4f922c8c8e08e9e64e6ee5e42b2958a5d6
quarter_res_trees_Scan_1015_4.lsp,1015,quarter,4,66809608,2e8907574135d6a67038e65ce00c16b5a7af31b29e2a8e78b96c2cabfcdd13a6
quarter_res_trees_Scan_1015_5.lsp,1015,quarter,5,51979031,1112f782e12619bf2484305c730331e707510312de869d82961b72d51123b86c
quarter_res_trees_Scan_1016_0.lsp,1016,quarter,0,31817424,9f96767957b1cec0024f3fa304f4b92564f3e71b8c7bc51c8b74bddb1fd74ac7
quarter_res_trees_Scan_1016_1.lsp,1016,quarter,1,43672765,532d54f01085dbeddd201eb035350777635bb572e7d9278199a11c853e5a290a
quarter_res_trees_Scan_1016_2.lsp,1016,quarter,2,40860876,be052bc8ead9c505ed8ca093a187b93b43e9719c6179920934a72beecba314f2
quarter_res_trees_Scan_1016_3.lsp,1016,quarter,3,41648477,805072de1b10eb7afec862a1af8c096f1b7646a485b6d2db6072599696201544
quarter_res_trees_Scan_1016_4.lsp,1016,quarter,4,69907001,37c90b306240beaf1ac30a5816a2d03c54ecb277e92920824c17b05f8cd02cc6
quarter_res_trees_Scan_1016_5.lsp,1016,quarter,5,53343416,f7616105e58c5805a2a4aaa42f9e90d1876032027d418437c8b60f10b77d1676
quarter_res_trees_Scan_1017_0.lsp,1017,quarter,0,41895575,3192e1b11e2f1bc6174b828ec2ec4025be3d4d7ad0a275e53a3d5820112b94f9
quarter_res_trees_Scan_1017_1.lsp,1017,quarter,1,41622409,2c9e373d57ecde98679425816fefb47a55459653a33e30acb993f02bf9ae9158
quarter_res_trees_Scan_1017_2.lsp,1017,quarter,2,34284769,48191d678e914188340315aac80c9f1df26b8f52b16de05fd9bbcb7bb7505bf0
quarter_res_trees_Scan_1017_3.lsp,1017,quarter,3,37886635,e6b5cf321669b506cf5dce350f4557cbf1e2e4b645e2cc6500763429ddd94948
quarter_res_trees_Scan_1017_4.lsp,1017,quarter,4,56929328,b655c39259b4e36528b938b689161af4fc4ab5943e9b1f68800cd2688226a908
quarter_res_trees_Scan_1017_5.lsp,1017,quarter,5,55909266,aa76b7e865e76d1a55ef40c74f1b3456d0f74d7339dc26a8292adeecad16d566
quarter_res_trees_Scan_1018_0.lsp,1018,quarter,0,40885939,b8335fd61bf90b43d57f3b79ecf2f99b0cbf5b78f295b5e2d3b24f2385fbb022
quarter_res_trees_Scan_1018_1.lsp,1018,quarter,1,36437980,06b37412117dd4111994116251077bbba0261a0b9946850af820d5a02cc731b6
quarter_res_trees_Scan_1018_2.lsp,1018,quarter,2,32790584,d00a46560e74ecc528363039cfd5746b550bde3a2ef5e4dca8d62b88777cb12b
quarter_res_trees_Scan_1018_3.lsp,1018,quarter,3,35728411,d17a92182b5c027a5fcc8b4d35e1863454c97ecd78bf9c01803b437ccc641726
quarter_res_trees_Scan_1018_4.lsp,1018,quarter,4,7814650,a7ac6a165923f3a55e837a2c42645b6ee327e81ac470b088127d78352147b55c
quarter_res_trees_Scan_1018_5.lsp,1018,quarter,5,52019182,e32dd6c5fca6e20fc958fd34e9243b985f9edebbe92248070bb254c2dff25123
quarter_res_trees_Scan_1019_0.lsp,1019,quarter,0,35556255,9086cde7f5daaf97199179f6d241db7e9645cd666aa0064a48a9fde5b5c82dae
quarter_res_trees_Scan_1019_1.lsp,1019,quarter,1,38068217,ea9ec52b02709cf752a508682330cfbcbb023e1086f771f59283170e8aa7383a
quarter_res_trees_Scan_1019_2.lsp,1019,quarter,2,33841251,0e60bb496bf5fccd37c48bc2b2ef9777b6ab5fd08c9db98815a8cfc832f164e5
quarter_res_trees_Scan_1019_3.lsp,1019,quarter,3,31902489,2326499a0a6cd481edb3afc4686cc3e5a8cd9f3de429098b035b35bce2fa6b2c
quarter_res_trees_Scan_1019_4.lsp,1019,quarter,4,425315,c6614a853915a6bc5d706d8ec234fbd9fe98f448e03d88016e7cfa72d643d76f
quarter_res_trees_Scan_1019_5.lsp,1019,quarter,5,50567584,790ef8b3d66cc67419011a1be74ef42150071f72c72d8fca8ac6a3e5e41edf11
quarter_res_trees_Scan_1020_0.lsp,1020,quarter,0,34062482,5b27eb087ed24af047e7350e6ecebe879d61f8bc4bb490b2dd842c0698cc8af0
quarter_res_trees_Scan_1020_1.lsp,1020,quarter,1,38822960,03e8c4476b359caef0b816b8cc12c0711ee843f3d08fcf873023a16944d63463
quarter_res_trees_Scan_1020_2.lsp,1020,quarter,2,35357716,5a58403ddffaa6c39a9301957f51268250be5f65784ba267783fd0d4c362bd27
quarter_res_trees_Scan_1020_3.lsp,1020,quarter,3,31233268,7673bc3a9dde4f43d11bad0fb49ffeacc68dd4987c86c761b64ac7b37e85852c
quarter_res_trees_Scan_1020_4.lsp,1020,quarter,4,326808,bece431d49b4114d84238755ab2a2155b61b500207446fc17d61771c0e294bcd
quarter_res_trees_Scan_1020_5.lsp,1020,quarter,5,49674741,ff58ef5d1b75ef1da4f9e38e669777a5fb2d44fd309939846b89e2c99ef03506
quarter_res_trees_Scan_1021_0.lsp,1021,quarter,0,36693417,7d03d52c5e092bfca45ef7e939c7f1e6dad3e898bf738163174b8a5db36b9069
quarter_res_trees_Scan_1021_1.lsp,1021,quarter,1,36385697,8f4f46944079101755e163678a3e7bd8c78f3061f18405858e6eeadfc9aa382e
quarter_res_trees_Scan_1021_2.lsp,1021,quarter,2,35902947,57afc8772a57f2468ed2b94120717e7a8a48c2fc3f29107cc88259625419f80c
quarter_res_trees_Scan_1021_3.lsp,1021,quarter,3,33068180,8b0200776e3264b7726db5ef5e84b0763baa8661d611609239082dba394ee870
quarter_res_trees_Scan_1021_4.lsp,1021,quarter,4,110038,81c0cae7d26776e001b874253755336a9bfa0cefc9a831aec31a8092df846984
quarter_res_trees_Scan_1021_5.lsp,1021,quarter,5,55773750,58702a6a18e3b9bfdb6a1ade95cdd85481475fdf8ad99d7a391135557986d8cd
